Method,Reward Mean,Reward Std
Baseline,-7488.432434724263,383.3809618570412
Multi-objective,568.1538609417062,732.2599243028226
